{
    "_meta": {
        "maxChars": {
            "welcome": 20,
            "readyToPlay": 20,
            "pressContinue": 50,
            "greatJob": 20,
            "onePlusOne": 30,
            "sidequest_fail": 57,
            "S5_starts_01": 63,
            "soundsettings_key": 34,
            "S6_treasure_win": 130,
            "sidequest_presentation": 212,
            "presentation_parrot_00": 138,
            "first_treasure_win": 84,
            "presentation_parrot_03": 227,
            "rewardpanel_presentation2": 170,
            "new_game_key": 21,
            "S3_starts_01": 149,
            "nomorecoins_key": 103,
            "S5_sidequest_fail": 73,
            "S5_treasure_win": 118,
            "S5_treasure_01": 137,
            "victoryscreen_01": 138,
            "treasure_win_S4": 115,
            "stackofcoins_presentation": 118,
            "continue_game_key": 19,
            "presentation_parrot_02": 174,
            "treasure_win_S2": 39,
            "S6_starts_00": 161,
            "S3_starts_00": 122,
            "resume_game_key": 24,
            "presentation_parrot_04": 120,
            "rewardpanel_presentation_00": 234,
            "presentation_parrot_01": 157,
            "getcaught_afil_key": 93,
            "S2_starts_00": 36,
            "treasure_win_S7": 206,
            "S2_starts_01": 169,
            "S7_treasure_win": 206,
            "fist_treasure_fail": 150,
            "restartlevel_key": 24,
            "S5_starts_00": 82,
            "treasure_win_S6": 73,
            "treasure_win_S3": 67,
            "welcome_parrot": 143,
            "touchland_key": 143,
            "sidequestwin_firsttime": 85,
            "treasure_win_S5": 118,
            "rewardpanel_presentation_01": 170,
            "rewardpanel_presentation": 234,
            "S7_starts_01": 152,
            "backtothemain_key": 36,
            "S4_starts_00": 85,
            "S6_starts_01": 61,
            "victoryscreen_00": 242,
            "passing_through": 123,
            "S4_starts_01": 85,
            "pause_key": 15,
            "main_menu_key": 24,
            "rewards_key": 21,
            "music_key": 16,
            "settings_key": 23,
            "back_key": 16,
            "victory_key": 20,
            "resume_key": 24,
            "sound_settings_key": 34,
            "presentation_parrot_05": 136,
            "tts_key": 13,
            "continue_key": 19
        }
    },
    "en": {
        "settings_key": "Settings",
        "back_key": "Back",
        "continue_key": "Continue",
        "pause_key": "Pause",
        "resume_key": "Resume game",
        "main_menu_key": "Main Menu",
        "sound_settings_key": "Sound Settings",
        "music_key": "Music",
        "tts_key": "TTS",
        "victory_key": "Victory!",
        "rewards_key": "Rewards",
        "new_game_key": "New Game",
        "continue_game_key": "Continue",
        "resume_game_key": "Resume game",
        "backtothemain_key": "Back to Main Menu",
        "restartlevel_key": "Restart Level",
        "welcome_parrot": "Welcome! You are now at Treasure Bay, a well known pirate fort. Click on this dialogue box to continue.",
        "presentation_parrot_00": "Don’t worry, I’m here to help you with treasure hunting. Let’s try together first.",
        "presentation_parrot_01": "Do you see that calculator like device at the right of the map? You can write the coordinates for your captain there.",
        "presentation_parrot_02": "The coordinates are formed by two elements: X-axis and Y-axis. You have to write them as a pair in that exact order, like this: (x,y).",
        "presentation_parrot_03": "The X-axis indicates horizontal location and the Y-axis does the same for vertical information. Let’s go! Write down the coordinates to the point shown on the map and hit the sail button.",
        "presentation_parrot_04": "Do you see that white cross on the map? It indicates the position of a treasure.",
        "presentation_parrot_05": "Tap the coordinates on the device and sail right there to get the treasure!",
        "first_treasure_win": "You got your first treasure! Let’s look for another one.",
        "passing_through": "Wait! You have to stop in the right spot! You missed your target! Go back!",
        "fist_treasure_fail": "Check for the correct coordinates… Remember you always move first in the X-axis, and then in the Y-axis.",
        "S2_starts_00": "Look! A new treasure!",
        "S2_starts_01": "For each trip, your captain will ask you for some coins. Be careful, if you get out of them, you can no longer continue the trip.",
        "stackofcoins_presentation": "If you keep some of your coins by the end of the journey you will get a reward!",
        "sidequest_presentation": "There are some special fruits around the bay available for a period of time. It’s totally optional, but I will pay some extra coins if you get them for me! Ahoy!",
        "sidequestwin_firsttime": "Ujuuu! Now let’s continue. Here are your extra coins!",
        "sidequest_fail": "Ok, don’t worry! Go on!",
        "treasure_win_S2": "Well done! Let’s continue!",
        "nomorecoins_key": "The captain is done for the day. You will have to try again tomorrow!",
        "touchland_key": "Oh! I didn’t realize I had to tell you your ship doesn’t have wheels! Avoid the land, sailor!",
        "rewardpanel_presentation_0": "If you keep your coins by the end of the level you will receive some stars!",
        "rewardpanel_presentation_1": "Two coins remaining mean three stars",
        "rewardpanel_presentation_2":"one coin means two",
        "rewardpanel_presentation_3":"and no coins mean one star!",
        "rewardpanel_presentation_4": "Also, you can choose to do some side optional quests when available to earn an additional good-pirate badge!",
        "S3_starts_00": "Oh, oh. We have company… Try to avoid being intercepted by corsaire ships!",
        "S3_starts_01": "Look! The fruit I like is available for a short period of time again, let’s pick it up if you want.",
        "treasure_win_S3": "That was really close! You are a real pirate!",
        "getcaught_afil_key": "Oh, let’s return home. We have been seen. Try again tomorrow.",
        "S4_starts_00": "Nothing else to explain. You know what to do, sailor!",
        "treasure_win_S4": "Good job! You are going to make me… I mean, you are going to be rich, sailor!",
        "S5_starts_00": "Oh, no! Other pirates are in trouble! Let’s help them.",
        "S5_starts_01": "There is a fruit to harvest, too!",
        "S5_sidequest_fail": "We lost the fruit. Don’t worry. Let’s continue!",
        "S5_treasure_01": "Now we have to return to the bay. People may need water, food and medical assistance!",
        "treasure_win_S5": "You are a hero! Well done. Treasures will await us on our next journey.",
        "S6_starts_00": "Be careful with your directions, sailor. It seems like it’s windy today! Look at the wind indicator above the map.",
        "S6_starts_01": "Look! There is some fruit on that island.",
        "treasure_win_S6": "This treasure was huge! Congratulations, sailor.",
        "S7_starts_01": "Ahoy! Let’s try going for a big treasure today! Are you ready? Let’s sail! But be careful, it’s windy again!",
        "treasure_win_S7": "Wow! You did it! You got a really great one! You can buy a lot of parrot food with that amount of gold! And a brand new ship, of course, of course…",
        "victoryscreen_00": "Congratulations. You got a lot of treasures! You are so lucky to have me helping you, am I right? But, it’s true, you also succeeded in giving the correct coordinates to your captain. I am proud of you!",
        "victoryscreen_01": "Good job! We can rest now… Well done! I had a great time with you, sailor! Ahoy!"
    },
    "es": {
        "settings_key": "Configuración",
        "back_key": "Volver",
        "continue_key": "Continuar",
        "pause_key": "Pausa",
        "resume_key": "Reanudar juego",
        "main_menu_key": "Menú principal",
        "sound_settings_key": "Configuración de sonido",
        "music_key": "Música",
        "tts_key": "TAV",
        "victory_key": "¡Victoria!",
        "rewards_key": "Recompensas",
        "new_game_key": "Nuevo Juego",
        "continue_game_key": "Continuar",
        "resume_game_key": "Reanudar juego",
        "backtothemain_key": "Volver al Menú Principal",
        "restartlevel_key": "Resetear nivel",
        "welcome_parrot": "¡Bienvenido! Ahora estás en Treasure Bay, un conocido fuerte pirata. Haz click aquí para continuar.",
        "presentation_parrot_00": "No te preocupes, estoy aquí para ayudarte con la búsqueda de tesoros. Intentémoslo juntos primero.",
        "presentation_parrot_01": "¿Ves el objeto similar a una calculadora a la derecha del mapa? Puedes escribir las coordenadas para tu capitán ahí.",
        "presentation_parrot_02": "Las coordenadas están formadas por dos elementos: el eje X y el eje Y. Debes escribirlos como un par en ese orden exacto, así: (x,y).",
        "presentation_parrot_03": "El eje X indica la ubicación horizontal y el eje Y hace lo mismo para la información vertical. ¡Vamos! Escribe las coordenadas al punto mostrado en el mapa y presiona el botón de navegar.",
        "presentation_parrot_04": "¿Ves esa cruz blanca en el mapa? Indica la posición de un tesoro.",
        "presentation_parrot_05": "Pon las coordenadas en el dispositivo y navega directamente hacia allí para conseguir el tesoro.",
        "first_treasure_win": "¡Conseguiste tu primer tesoro! Busquemos otro.",
        "passing_through": "¡Espera! ¡Tienes que detenerte en el lugar exacto! ¡Fallaste tu objetivo! ¡Regresa!",
        "fist_treasure_fail": "Verifica las coordenadas correctas... Recuerda que siempre te mueves primero en el eje X, y luego en el eje Y.",
        "S2_starts_00": "¡Mira! ¡Un nuevo tesoro!",
        "S2_starts_01": "Para cada viaje, tu capitán necesita monedas. ¡Ten cuidado, si te quedas sin monedas no podrás continuar el viaje!",
        "stackofcoins_presentation": "Si te quedas con monedas al final del viaje obtendrás una recompensa.",
        "sidequest_presentation": "Hay algunas frutas especiales alrededor de la bahía por un período de tiempo. Es totalmente opcional, ¡pero te pagaré algunas monedas extra si los consigues para mí! ¡Ahoy!",
        "sidequestwin_firsttime": "¡Ujuuu! Ahora continuemos. ¡Aquí están tus monedas extra!",
        "sidequest_fail": "¡Ok, no te preocupes! ¡Sigue adelante!",
        "treasure_win_S2": "¡Bien hecho! ¡Continuemos!",
        "nomorecoins_key": "El capitán terminó por hoy. ¡Tendrás que intentarlo de nuevo mañana!",
        "touchland_key": "¡Oh! No me di cuenta de que tenía que decirte que tu barco no tiene ruedas. ¡Evita la tierra, marinero!",
        "rewardpanel_presentation_00": "Si mantienes tus monedas al final del nivel, ¡recibirás algunas estrellas!",
        "rewardpanel_presentation_01":"Dos monedas te darán tres estrellas",  
        "rewardpanel_presentation_02":"una moneda te dará una estrella",
        "rewardpanel_presentation_03":"y si terminas sin monedas, obtendrás una estrella.",
        "rewardpanel_presentation_04": "Además, puedes elegir hacer algunas misiones opcionales cuando estén disponibles para ganar una insignia adicional de buen pirata.",
        "S3_starts_00": "Oh, oh. Tenemos compañía... Trata de evitar ser interceptado por barcos corsarios.",
        "S3_starts_01": "¡Mira! La fruta que me gusta está disponible por un corto período de tiempo de nuevo, recojámosla si quieres.",
        "treasure_win_S3": "¡Estuvo muy cerca! ¡Eres un verdadero pirata!",
        "getcaught_afil_key": "Oh, regresemos a casa. Nos han visto. Intenta de nuevo mañana.",
        "S4_starts_00": "No hay nada más que explicar. ¡Sabes qué hacer, marinero!",
        "treasure_win_S4": "¡Buen trabajo! ¡Me vas a hacer... Quiero decir, vas a ser rico, marinero!",
        "S5_starts_00": "¡Oh, no! Otros piratas están en problemas! Ayudémoslos.",
        "S5_starts_01": "¡También aquí hay una fruta para cosechar!",
        "S5_sidequest_fail": "Perdimos la fruta. No te preocupes. ¡Continuemos!",
        "S5_treasure_01": "Ahora tenemos que regresar a la bahía. La gente puede necesitar agua, comida y asistencia médica.",
        "treasure_win_S5": "¡Eres un héroe! Bien hecho. Más tesoros nos esperarán en nuestro próximo viaje.",
        "S6_starts_00": "Ten cuidado con tus coordenadas, marinero. ¡Parece que hay viento hoy! Presta atención al indicador de viento en el mapa.",
        "S6_starts_01": "¡Mira! Hay fruta en esa isla.",
        "treasure_win_S6": "¡Este tesoro es enorme! Felicitaciones, marinero.",
        "S7_starts_01": "¡Ahoy! ¡Intentemos ir por un gran tesoro hoy! ¿Estás listo? ¡Naveguemos! Pero ten cuidado, ¡hay viento de nuevo!",
        "treasure_win_S7": "¡Wow! ¡Lo lograste! ¡Conseguiste uno realmente grande! ¡Puedes comprar mucha comida para loro con esa cantidad de oro! Y un barco nuevo, por supuesto, por supuesto...",
        "victoryscreen_00": "Felicidades. ¡Conseguiste muchos tesoros! Tienes mucha suerte de tenerme ayudándote, ¿verdad? Pero, es cierto, también lograste darle las coordenadas correctas a tu capitán. ¡Estoy orgulloso de ti!",
        "victoryscreen_01": "¡Buen trabajo! Ahora podemos descansar... ¡Bien hecho! ¡La pasé muy bien contigo, marinero! ¡Ahoy!"
    }
}